A,B
13815,1
13816,2
13817,3
13818,4
13819,5
13820,6
13821,7
13822,8
13823,9
13824,10
13825,11
13826,12
13827,13
13828,14
13829,15
13830,16
13831,17
13832,18
13833,19
13834,20
13835,21
13836,22
13837,23
13838,24
13839,25
13840,26
13841,27
13842,28
13843,29
13844,30
13845,31
13846,32
13847,33
13848,34
13849,35
13850,36
13851,37
13852,38
13853,39
13854,40
13855,41
13856,42
13857,43
13858,44
13859,45
13860,46
13861,47
13862,48
13863,49
13864,50
13865,51
13866,52
13867,53
13868,54
13869,55
13870,56
13871,57
13872,58
13873,59
13874,60
13875,61
13876,62
13877,63
13878,64
13879,65
13880,66
13881,67
13882,68
13883,69
13884,70
13885,71
13886,72
13887,73
13888,74
13889,75
13890,76
13891,77
13892,78
13893,79
13894,80
13895,81
13896,82
13897,83
13898,84
13899,85
13900,86
13901,87
13902,88
13903,89
13904,90
13905,91
13906,92
13907,93
13908,94
13909,95
13910,96
13911,97
13912,98
13913,99
13914,100
13915,101
13916,102
13917,103
13918,104
13919,105
13920,106
13921,107
13922,108
13923,109
13924,110
13925,111
13926,112
13927,113
13928,114
13929,115
13930,116
13931,117
13932,118
13933,119
13934,120
13935,121
13936,122
13937,123
13938,124
13939,125
13940,126
13941,127
13942,128
13943,129
13944,130
13945,131
13946,132
13947,133
13948,134
13949,135
13950,136
13951,137
13952,138
13953,139
13954,140
13955,141
13956,142
13957,143
13958,144
13959,145
13960,146
13961,147
13962,148
13963,149
13964,150
13965,151
13966,152
13967,153
13968,154
13969,155
13970,156
13971,157
13972,158
13973,159
13974,160
13975,161
13976,162
13977,163
13978,164
13979,165
13980,166
13981,167
13982,168
13983,169
13984,170
13985,171
13986,172
13987,173
13988,174
13989,175
13990,176
13991,177
13992,178
13993,179
13994,180
13995,181
13996,182
13997,183
13998,184
13999,185
14000,186
14001,187
14002,188
14003,189
14004,190
14005,191
14006,192
14007,193
14008,194
14009,195
14010,196
14011,197
14012,198
14013,199
14014,200
14015,201
14016,202
14017,203
14018,204
14019,205
14020,206
14021,207
14022,208
14023,209
14024,210
14025,211
14026,212
14027,213
14028,214
14029,215
14030,216
14031,217
14032,218
14033,219
14034,220
14035,221
14036,222
14037,223
14038,224
14039,225
14040,226
14041,227
14042,228
14043,229
14044,230
14045,231
14046,232
14047,233
14048,234
14049,235
14050,236
14051,237
14052,238
14053,239
14054,240
14055,241
14056,242
14057,243
14058,244
14059,245
14060,246
14061,247
14062,248
14063,249
14064,250
14065,251
14066,252
14067,253
14068,254
14069,255
14070,256
14071,257
14072,258
14073,259
14074,260
14075,261
14076,262
14077,263
14078,264
14079,265
14080,266
14081,267
14082,268
14083,269
14084,270
14085,271
14086,272
14087,273
14088,274
14089,275
14090,276
14091,277
14092,278
14093,279
14094,280
14095,281
14096,282
14097,283
14098,284
14099,285
14100,286
14101,287
14102,288
14103,289
14104,290
14105,291
14106,292
14107,293
14108,294
14109,295
14110,296
14111,297
14112,298
14113,299
14114,300
14115,301
14116,302
14117,303
14118,304
14119,305
14120,306
14121,307
14122,308
14123,309
14124,310
14125,311
14126,312
14127,313
14128,314
14129,315
14130,316
14131,317
14132,318
14133,319
14134,320
14135,321
14136,322
14137,323
14138,324
14139,325
14140,326
14141,327
14142,328
14143,329
14144,330
14145,331
14146,332
14147,333
14148,334
14149,335
14150,336
14151,337
14152,338
14153,339
14154,340
14155,341
14156,342
14157,343
14158,344
14159,345
14160,346
14161,347
14162,348
14163,349
14164,350
14165,351
14166,352
14167,353
14168,354
14169,355
14170,356
14171,357
14172,358
14173,359
14174,360
14175,361
14176,362
14177,363
14178,364
14179,365
14180,366
14181,367
14182,368
14183,369
14184,370
14185,371
14186,372
14187,373
14188,374
14189,375
14190,376
14191,377
14192,378
14193,379
14194,380
14195,381
14196,382
14197,383
14198,384
14199,385
14200,386
14201,387
14202,388
14203,389
14204,390
14205,391
14206,392
14207,393
14208,394
14209,395
14210,396
14211,397
14212,398
14213,399
14214,400
14215,401
14216,402
14217,403
14218,404
14219,405
14220,406
14221,407
14222,408
14223,409
14224,410
14225,411
14226,412
14227,413
14228,414
14229,415
14230,416
14231,417
14232,418
14233,419
14234,420
14235,421
14236,422
14237,423
14238,424
14239,425
14240,426
14241,427
14242,428
14243,429
14244,430
14245,431
14246,432
14247,433
14248,434
14249,435
14250,436
14251,437
14252,438
14253,439
14254,440
14255,441
14256,442
14257,443
14258,444
14259,445
14260,446
14261,447
14262,448
14263,449
14264,450
14265,451
14266,452
14267,453
14268,454
14269,455
14270,456
14271,457
14272,458
14273,459
14274,460
14275,461
14276,462
14277,463
14278,464
14279,465
14280,466
14281,467
14282,468
14283,469
14284,470
14285,471
14286,472
14287,473
14288,474
14289,475
14290,476
14291,477
14292,478
14293,479
14294,480
14295,481
14296,482
14297,483
14298,484
14299,485
14300,486
14301,487
14302,488
14303,489
14304,490
14305,491
14306,492
14307,493
14308,494
14309,495
14310,496
14311,497
14312,498
14313,499
14314,500
14315,501
14316,502
14317,503
14318,504
14319,505
14320,506
14321,507
14322,508
14323,509
14324,510
14325,511
14326,512
14327,513
14328,514
14329,515
14330,516
14331,517
14332,518
14333,519
14334,520
14335,521
14336,522
14337,523
14338,524
14339,525
14340,526
14341,527
14342,528
14343,529
14344,530
14345,531
14346,532
14347,533
14348,534
14349,535
14350,536
14351,537
14352,538
14353,539
14354,540
14355,541
14356,542
14357,543
14358,544
14359,545
14360,546
14361,547
14362,548
14363,549
14364,550
14365,551
14366,552
14367,553
14368,554
14369,555
14370,556
14371,557
14372,558
14373,559
14374,560
14375,561
14376,562
14377,563
14378,564
14379,565
14380,566
14381,567
14382,568
14383,569
14384,570
14385,571
14386,572
14387,573
14388,574
14389,575
14390,576
14391,577
14392,578
14393,579
14394,580
14395,581
14396,582
14397,583
14398,584
14399,585
14400,586
14401,587
14402,588
14403,589
14404,590
14405,591
14406,592
14407,593
14408,594
14409,595
14410,596
14411,597
14412,598
14413,599
14414,600
14415,601
14416,602
14417,603
14418,604
14419,605
14420,606
14421,607
14422,608
14423,609
14424,610
14425,611
14426,612
14427,613
14428,614
14429,615
14430,616
14431,617
14432,618
14433,619
14434,620
14435,621
14436,622
14437,623
14438,624
14439,625
14440,626
14441,627
14442,628
14443,629
14444,630
14445,631
14446,632
14447,633
14448,634
14449,635
14450,636
14451,637
14452,638
14453,639
14454,640
14455,641
14456,642
14457,643
14458,644
14459,645
14460,646
14461,647
14462,648
14463,649
14464,650
14465,651
14466,652
14467,653
14468,654
14469,655
14470,656
14471,657
14472,658
14473,659
14474,660
14475,661
14476,662
14477,663
14478,664
14479,665
14480,666
14481,667
14482,668
14483,669
14484,670
14485,671
14486,672
14487,673
14488,674
14489,675
14490,676
14491,677
14492,678
14493,679
14494,680
14495,681
14496,682
14497,683
14498,684
14499,685
14500,686
14501,687
14502,688
14503,689
14504,690
14505,691
14506,692
14507,693
14508,694
14509,695
14510,696
14511,697
14512,698
14513,699
14514,700
14515,701
14516,702
14517,703
14518,704
14519,705
14520,706
14521,707
14522,708
14523,709
14524,710
14525,711
14526,712
14527,713
14528,714
14529,715
14530,716
14531,717
14532,718
14533,719
14534,720
14535,721
14536,722
14537,723
14538,724
14539,725
14540,726
14541,727
14542,728
14543,729
14544,730
14545,731
14546,732
14547,733
14548,734
14549,735
14550,736
14551,737
14552,738
14553,739
14554,740
14555,741
14556,742
14557,743
14558,744
14559,745
14560,746
14561,747
14562,748
14563,749
14564,750
14565,751
14566,752
14567,753
14568,754
14569,755
14570,756
14571,757
14572,758
14573,759
14574,760
14575,761
14576,762
14577,763
14578,764
14579,765
14580,766
14581,767
14582,768
14583,769
14584,770
14585,771
14586,772
14587,773
14588,774
14589,775
14590,776
14591,777
14592,778
14593,779
14594,780
14595,781
14596,782
14597,783
14598,784
14599,785
14600,786
14601,787
14602,788
14603,789
14604,790
14605,791
14606,792
14607,793
14608,794
14609,795
14610,796
14611,797
14612,798
14613,799
14614,800
14615,801
14616,802
14617,803
14618,804
14619,805
14620,806
14621,807
14622,808
14623,809
14624,810
14625,811
14626,812
14627,813
14628,814
14629,815
14630,816
14631,817
14632,818
14633,819
14634,820
14635,821
14636,822
14637,823
14638,824
14639,825
14640,826
14641,827
14642,828
14643,829
14644,830
14645,831
14646,832
14647,833
14648,834
14649,835
14650,836
14651,837
14652,838
14653,839
14654,840
14655,841
14656,842
14657,843
14658,844
14659,845
14660,846
14661,847
14662,848
14663,849
14664,850
14665,851
14666,852
14667,853
14668,854
14669,855
14670,856
14671,857
14672,858
14673,859
14674,860
14675,861
14676,862
14677,863
14678,864
14679,865
14680,866
14681,867
14682,868
14683,869
14684,870
14685,871
14686,872
14687,873
14688,874
14689,875
14690,876
14691,877
14692,878
14693,879
14694,880
14695,881
14696,882
14697,883
14698,884
14699,885
14700,886
14701,887
14702,888
14703,889
14704,890
14705,891
14706,892
14707,893
14708,894
14709,895
14710,896
14711,897
14712,898
14713,899
14714,900
14715,901
14716,902
14717,903
14718,904
14719,905
14720,906
14721,907
14722,908
14723,909
14724,910
14725,911
14726,912
14727,913
14728,914
14729,915
14730,916
14731,917
14732,918
14733,919
14734,920
14735,921
14736,922
14737,923
14738,924
14739,925
14740,926
14741,927
14742,928
14743,929
14744,930
14745,931
14746,932
14747,933
14748,934
14749,935
14750,936
14751,937
14752,938
14753,939
14754,940
14755,941
14756,942
14757,943
14758,944
14759,945
14760,946
14761,947
14762,948
14763,949
14764,950
14765,951
14766,952
14767,953
14768,954
14769,955
14770,956
14771,957
14772,958
14773,959
14774,960
14775,961
14776,962
14777,963
14778,964
14779,965
14780,966
14781,967
14782,968
14783,969
14784,970
14785,971
14786,972
14787,973
14788,974
14789,975
14790,976
14791,977
14792,978
14793,979
14794,980
14795,981
14796,982
14797,983
14798,984
14799,985
14800,986
14801,987
14802,988
14803,989
14804,990
14805,991
14806,992
14807,993
14808,994
14809,995
14810,996
14811,997
14812,998
14813,999
14814,1000
14815,1001
14816,1002
14817,1003
14818,1004
14819,1005
14820,1006
14821,1007
14822,1008
14823,1009
14824,1010
14825,1011
14826,1012
14827,1013
14828,1014
14829,1015
14830,1016
14831,1017
14832,1018
14833,1019
14834,1020
14835,1021
14836,1022
14837,1023
14838,1024
14839,1025
14840,1026
14841,1027
14842,1028
14843,1029
14844,1030
14845,1031
14846,1032
14847,1033
14848,1034
14849,1035
14850,1036
14851,1037
14852,1038
14853,1039
14854,1040
14855,1041
14856,1042
14857,1043
14858,1044
14859,1045
14860,1046
14861,1047
14862,1048
14863,1049
14864,1050
14865,1051
14866,1052
14867,1053
14868,1054
14869,1055
14870,1056
14871,1057
14872,1058
14873,1059
14874,1060
14875,1061
14876,1062
14877,1063
14878,1064
14879,1065
14880,1066
14881,1067
14882,1068
14883,1069
14884,1070
14885,1071
14886,1072
14887,1073
14888,1074
14889,1075
14890,1076
14891,1077
14892,1078
14893,1079
14894,1080
14895,1081
14896,1082
14897,1083
14898,1084
14899,1085
14900,1086
14901,1087
14902,1088
14903,1089
14904,1090
14905,1091
14906,1092
14907,1093
14908,1094
14909,1095
14910,1096
14911,1097
14912,1098
14913,1099
14914,1100
14915,1101
14916,1102
14917,1103
14918,1104
14919,1105
14920,1106
14921,1107
14922,1108
14923,1109
14924,1110
14925,1111
14926,1112
14927,1113
14928,1114
14929,1115
14930,1116
14931,1117
14932,1118
14933,1119
14934,1120
14935,1121
14936,1122
14937,1123
14938,1124
14939,1125
14940,1126
14941,1127
14942,1128
14943,1129
14944,1130
14945,1131
14946,1132
14947,1133
14948,1134
14949,1135
14950,1136
14951,1137
14952,1138
14953,1139
14954,1140
14955,1141
14956,1142
14957,1143
14958,1144
14959,1145
14960,1146
14961,1147
14962,1148
14963,1149
14964,1150
14965,1151
14966,1152
14967,1153
14968,1154
14969,1155
14970,1156
14971,1157
14972,1158
14973,1159
14974,1160
14975,1161
14976,1162
14977,1163
14978,1164
14979,1165
14980,1166
14981,1167
14982,1168
14983,1169
14984,1170
14985,1171
14986,1172
14987,1173
14988,1174
14989,1175
14990,1176
14991,1177
14992,1178
14993,1179
14994,1180
14995,1181
14996,1182
14997,1183
14998,1184
14999,1185
15000,1186
15001,1187
15002,1188
15003,1189
15004,1190
15005,1191
15006,1192
15007,1193
15008,1194
15009,1195
15010,1196
15011,1197
15012,1198
15013,1199
15014,1200
15015,1201
15016,1202
15017,1203
15018,1204
15019,1205
15020,1206
15021,1207
15022,1208
15023,1209
15024,1210
15025,1211
15026,1212
15027,1213
15028,1214
15029,1215
15030,1216
15031,1217
15032,1218
15033,1219
15034,1220
15035,1221
15036,1222
15037,1223
15038,1224
15039,1225
15040,1226
15041,1227
15042,1228
15043,1229
15044,1230
15045,1231
15046,1232
15047,1233
15048,1234
15049,1235
15050,1236
15051,1237
15052,1238
15053,1239
15054,1240
15055,1241
15056,1242
15057,1243
15058,1244
15059,1245
15060,1246
15061,1247
15062,1248
15063,1249
15064,1250
15065,1251
15066,1252
15067,1253
15068,1254
15069,1255
15070,1256
15071,1257
15072,1258
15073,1259
15074,1260
15075,1261
15076,1262
15077,1263
15078,1264
15079,1265
15080,1266
15081,1267
15082,1268
15083,1269
15084,1270
15085,1271
15086,1272
15087,1273
15088,1274
15089,1275
15090,1276
15091,1277
15092,1278
15093,1279
15094,1280
15095,1281
15096,1282
15097,1283
15098,1284
15099,1285
15100,1286
15101,1287
15102,1288
15103,1289
15104,1290
15105,1291
15106,1292
15107,1293
15108,1294
15109,1295
15110,1296
15111,1297
15112,1298
15113,1299
15114,1300
15115,1301
15116,1302
15117,1303
15118,1304
15119,1305
15120,1306
15121,1307
15122,1308
15123,1309
15124,1310
15125,1311
15126,1312
15127,1313
15128,1314
15129,1315
15130,1316
15131,1317
15132,1318
15133,1319
15134,1320
15135,1321
15136,1322
15137,1323
15138,1324
15139,1325
15140,1326
15141,1327
15142,1328
15143,1329
15144,1330
15145,1331
15146,1332
15147,1333
15148,1334
15149,1335
15150,1336
15151,1337
15152,1338
15153,1339
15154,1340
15155,1341
15156,1342
15157,1343
15158,1344
15159,1345
15160,1346
15161,1347
15162,1348
15163,1349
15164,1350
15165,1351
15166,1352
15167,1353
15168,1354
15169,1355
15170,1356
15171,1357
15172,1358
15173,1359
15174,1360
15175,1361
15176,1362
15177,1363
15178,1364
15179,1365
15180,1366
15181,1367
15182,1368
15183,1369
15184,1370
15185,1371
15186,1372
15187,1373
15188,1374
15189,1375
15190,1376
15191,1377
15192,1378
15193,1379
15194,1380
15195,1381
15196,1382
15197,1383
15198,1384
15199,1385
15200,1386
15201,1387
15202,1388
15203,1389
15204,1390
15205,1391
15206,1392
15207,1393
15208,1394
15209,1395
15210,1396
15211,1397
15212,1398
15213,1399
15214,1400
15215,1401
15216,1402
15217,1403
15218,1404
15219,1405
15220,1406
15221,1407
15222,1408
15223,1409
15224,1410
15225,1411
15226,1412
15227,1413
15228,1414
15229,1415
15230,1416
15231,1417
15232,1418
15233,1419
15234,1420
15235,1421
15236,1422
15237,1423
15238,1424
15239,1425
15240,1426
15241,1427
15242,1428
15243,1429
15244,1430
15245,1431
15246,1432
15247,1433
15248,1434
15249,1435
15250,1436
15251,1437
15252,1438
15253,1439
15254,1440
15255,1441
15256,1442
15257,1443
15258,1444
15259,1445
15260,1446
15261,1447
15262,1448
15263,1449
15264,1450
15265,1451
15266,1452
15267,1453
15268,1454
15269,1455
15270,1456
15271,1457
15272,1458
15273,1459
15274,1460
15275,1461
15276,1462
15277,1463
15278,1464
15279,1465
15280,1466
15281,1467
15282,1468
15283,1469
15284,1470
15285,1471
15286,1472
15287,1473
15288,1474
15289,1475
15290,1476
15291,1477
15292,1478
15293,1479
15294,1480
15295,1481
15296,1482
15297,1483
15298,1484
15299,1485
15300,1486
15301,1487
15302,1488
15303,1489
15304,1490
15305,1491
15306,1492
15307,1493
15308,1494
15309,1495
15310,1496
15311,1497
15312,1498
15313,1499
15314,1500
15315,1501
15316,1502
15317,1503
15318,1504
15319,1505
15320,1506
15321,1507
15322,1508
15323,1509
15324,1510
15325,1511
15326,1512
15327,1513
15328,1514
15329,1515
15330,1516
15331,1517
15332,1518
15333,1519
15334,1520
15335,1521
15336,1522
15337,1523
15338,1524
15339,1525
15340,1526
15341,1527
15342,1528
15343,1529
15344,1530
15345,1531
15346,1532
15347,1533
15348,1534
15349,1535
15350,1536
15351,1537
15352,1538
15353,1539
15354,1540
15355,1541
15356,1542
15357,1543
15358,1544
15359,1545
15360,1546
15361,1547
15362,1548
15363,1549
15364,1550
15365,1551
15366,1552
15367,1553
15368,1554
15369,1555
15370,1556
15371,1557
15372,1558
15373,1559
15374,1560
15375,1561
15376,1562
15377,1563
15378,1564
15379,1565
15380,1566
15381,1567
15382,1568
15383,1569
15384,1570
15385,1571
15386,1572
15387,1573
15388,1574
15389,1575
15390,1576
15391,1577
15392,1578
15393,1579
15394,1580
15395,1581
15396,1582
15397,1583
15398,1584
15399,1585
15400,1586
15401,1587
15402,1588
15403,1589
15404,1590
15405,1591
15406,1592
15407,1593
15408,1594
15409,1595
15410,1596
15411,1597
15412,1598
15413,1599
15414,1600
15415,1601
15416,1602
15417,1603
15418,1604
15419,1605
15420,1606
15421,1607
15422,1608
15423,1609
15424,1610
15425,1611
15426,1612
15427,1613
15428,1614
15429,1615
15430,1616
15431,1617
15432,1618
15433,1619
15434,1620
15435,1621
15436,1622
15437,1623
15438,1624
15439,1625
15440,1626
15441,1627
15442,1628
15443,1629
15444,1630
15445,1631
15446,1632
15447,1633
15448,1634
15449,1635
15450,1636
15451,1637
15452,1638
15453,1639
15454,1640
15455,1641
15456,1642
15457,1643
15458,1644
15459,1645
15460,1646
15461,1647
15462,1648
15463,1649
15464,1650
15465,1651
15466,1652
15467,1653
15468,1654
15469,1655
15470,1656
15471,1657
15472,1658
15473,1659
15474,1660
15475,1661
15476,1662
15477,1663
15478,1664
15479,1665
15480,1666
15481,1667
15482,1668
15483,1669
15484,1670
15485,1671
15486,1672
15487,1673
15488,1674
15489,1675
15490,1676
15491,1677
15492,1678
15493,1679
15494,1680
15495,1681
15496,1682
15497,1683
15498,1684
15499,1685
15500,1686
15501,1687
15502,1688
15503,1689
15504,1690
15505,1691
15506,1692
15507,1693
15508,1694
15509,1695
15510,1696
15511,1697
15512,1698
15513,1699
15514,1700
15515,1701
15516,1702
15517,1703
15518,1704
15519,1705
15520,1706
15521,1707
15522,1708
15523,1709
15524,1710
15525,1711
15526,1712
15527,1713
15528,1714
15529,1715
15530,1716
15531,1717
15532,1718
15533,1719
15534,1720
15535,1721
15536,1722
15537,1723
15538,1724
15539,1725
15540,1726
15541,1727
15542,1728
15543,1729
15544,1730
15545,1731
15546,1732
15547,1733
15548,1734
15549,1735
15550,1736
15551,1737
15552,1738
15553,1739
15554,1740
15555,1741
15556,1742
15557,1743
15558,1744
15559,1745
15560,1746
15561,1747
15562,1748
15563,1749
15564,1750
15565,1751
15566,1752
15567,1753
15568,1754
15569,1755
15570,1756
15571,1757
15572,1758
15573,1759
15574,1760
15575,1761
15576,1762
15577,1763
15578,1764
15579,1765
15580,1766
15581,1767
15582,1768
15583,1769
15584,1770
15585,1771
15586,1772
15587,1773
15588,1774
15589,1775
15590,1776
15591,1777
15592,1778
15593,1779
15594,1780
15595,1781
15596,1782
15597,1783
15598,1784
15599,1785
15600,1786
15601,1787
15602,1788
15603,1789
15604,1790
15605,1791
15606,1792
15607,1793
15608,1794
15609,1795
15610,1796
15611,1797
15612,1798
15613,1799
15614,1800
15615,1801
15616,1802
15617,1803
15618,1804
15619,1805
15620,1806
15621,1807
15622,1808
15623,1809
15624,1810
15625,1811
15626,1812
15627,1813
15628,1814
15629,1815
15630,1816
15631,1817
15632,1818
15633,1819
15634,1820
15635,1821
15636,1822
15637,1823
15638,1824
15639,1825
15640,1826
15641,1827
15642,1828
15643,1829
15644,1830
15645,1831
15646,1832
15647,1833
15648,1834
15649,1835
15650,1836
15651,1837
15652,1838
15653,1839
15654,1840
15655,1841
15656,1842
15657,1843
15658,1844
15659,1845
15660,1846
15661,1847
15662,1848
15663,1849
15664,1850
15665,1851
15666,1852
15667,1853
15668,1854
15669,1855
15670,1856
15671,1857
15672,1858
15673,1859
15674,1860
15675,1861
15676,1862
15677,1863
15678,1864
15679,1865
15680,1866
15681,1867
15682,1868
15683,1869
15684,1870
15685,1871
15686,1872
15687,1873
15688,1874
15689,1875
15690,1876
15691,1877
15692,1878
15693,1879
15694,1880
15695,1881
15696,1882
15697,1883
15698,1884
15699,1885
15700,1886
15701,1887
15702,1888
15703,1889
15704,1890
15705,1891
15706,1892
15707,1893
15708,1894
15709,1895
15710,1896
15711,1897
15712,1898
15713,1899
15714,1900
15715,1901
15716,1902
15717,1903
15718,1904
15719,1905
15720,1906
15721,1907
15722,1908
15723,1909
15724,1910
15725,1911
15726,1912
15727,1913
15728,1914
15729,1915
15730,1916
15731,1917
15732,1918
15733,1919
15734,1920
15735,1921
15736,1922
15737,1923
15738,1924
15739,1925
15740,1926
15741,1927
15742,1928
15743,1929
15744,1930
15745,1931
15746,1932
15747,1933
15748,1934
15749,1935
15750,1936
15751,1937
15752,1938
15753,1939
15754,1940
15755,1941
15756,1942
15757,1943
15758,1944
15759,1945
15760,1946
15761,1947
15762,1948
15763,1949
15764,1950
15765,1951
15766,1952
15767,1953
15768,1954
15769,1955
15770,1956
15771,1957
15772,1958
15773,1959
15774,1960
15775,1961
15776,1962
15777,1963
15778,1964
15779,1965
15780,1966
15781,1967
15782,1968
15783,1969
15784,1970
15785,1971
15786,1972
15787,1973
15788,1974
15789,1975
15790,1976
15791,1977
15792,1978
15793,1979
15794,1980
15795,1981
15796,1982
15797,1983
15798,1984
15799,1985
15800,1986
15801,1987
15802,1988
15803,1989
15804,1990
15805,1991
15806,1992
15807,1993
15808,1994
15809,1995
15810,1996
15811,1997
15812,1998
15813,1999
15814,2000
15815,2001
15816,2002
15817,2003
15818,2004
15819,2005
15820,2006
15821,2007
15822,2008
15823,2009
15824,2010
15825,2011
15826,2012
15827,2013
15828,2014
15829,2015
15830,2016
15831,2017
15832,2018
15833,2019
15834,2020
15835,2021
15836,2022
15837,2023
15838,2024
15839,2025
15840,2026
15841,2027
15842,2028
15843,2029
15844,2030
15845,2031
15846,2032
15847,2033
15848,2034
15849,2035
15850,2036
15851,2037
15852,2038
15853,2039
15854,2040
15855,2041
15856,2042
15857,2043
15858,2044
15859,2045
15860,2046
15861,2047
15862,2048
15863,2049
15864,2050
15865,2051
15866,2052
15867,2053
15868,2054
15869,2055
15870,2056
15871,2057
15872,2058
15873,2059
15874,2060
15875,2061
15876,2062
15877,2063
15878,2064
15879,2065
15880,2066
15881,2067
15882,2068
15883,2069
15884,2070
15885,2071
15886,2072
15887,2073
15888,2074
15889,2075
15890,2076
15891,2077
15892,2078
15893,2079
15894,2080
15895,2081
15896,2082
15897,2083
15898,2084
15899,2085
15900,2086
15901,2087
15902,2088
15903,2089
15904,2090
15905,2091
15906,2092
15907,2093
15908,2094
15909,2095
15910,2096
15911,2097
15912,2098
15913,2099
15914,2100
15915,2101
15916,2102
15917,2103
15918,2104
15919,2105
15920,2106
15921,2107
15922,2108
15923,2109
15924,2110
15925,2111
15926,2112
15927,2113
15928,2114
15929,2115
15930,2116
15931,2117
15932,2118
15933,2119
15934,2120
15935,2121
15936,2122
15937,2123
15938,2124
15939,2125
15940,2126
15941,2127
15942,2128
15943,2129
15944,2130
15945,2131
15946,2132
15947,2133
15948,2134
15949,2135
15950,2136
15951,2137
15952,2138
15953,2139
15954,2140
15955,2141
15956,2142
15957,2143
15958,2144
15959,2145
15960,2146
15961,2147
15962,2148
15963,2149
15964,2150
15965,2151
15966,2152
15967,2153
15968,2154
15969,2155
15970,2156
15971,2157
15972,2158
15973,2159
15974,2160
15975,2161
15976,2162
15977,2163
15978,2164
15979,2165
15980,2166
15981,2167
15982,2168
15983,2169
15984,2170
15985,2171
15986,2172
15987,2173
15988,2174
15989,2175
15990,2176
15991,2177
15992,2178
15993,2179
15994,2180
15995,2181
15996,2182
15997,2183
15998,2184
15999,2185
16000,2186
16001,2187
16002,2188
16003,2189
16004,2190
16005,2191
16006,2192
16007,2193
16008,2194
16009,2195
16010,2196
16011,2197
16012,2198
16013,2199
16014,2200
16015,2201
16016,2202
16017,2203
16018,2204
16019,2205
16020,2206
16021,2207
16022,2208
16023,2209
16024,2210
16025,2211
16026,2212
16027,2213
16028,2214
16029,2215
16030,2216
16031,2217
16032,2218
16033,2219
16034,2220
16035,2221
16036,2222
16037,2223
16038,2224
16039,2225
16040,2226
16041,2227
16042,2228
16043,2229
16044,2230
16045,2231
16046,2232
16047,2233
16048,2234
16049,2235
16050,2236
16051,2237
16052,2238
16053,2239
16054,2240
16055,2241
16056,2242
16057,2243
16058,2244
16059,2245
16060,2246
16061,2247
16062,2248
16063,2249
16064,2250
16065,2251
16066,2252
16067,2253
16068,2254
16069,2255
16070,2256
16071,2257
16072,2258
16073,2259
16074,2260
16075,2261
16076,2262
16077,2263
16078,2264
16079,2265
16080,2266
16081,2267
16082,2268
16083,2269
16084,2270
16085,2271
16086,2272
16087,2273
16088,2274
16089,2275
16090,2276
16091,2277
16092,2278
16093,2279
16094,2280
16095,2281
16096,2282
16097,2283
16098,2284
16099,2285
16100,2286
16101,2287
16102,2288
16103,2289
16104,2290
16105,2291
16106,2292
16107,2293
16108,2294
16109,2295
16110,2296
16111,2297
16112,2298
16113,2299
16114,2300
16115,2301
16116,2302
16117,2303
16118,2304
16119,2305
16120,2306
16121,2307
16122,2308
16123,2309
16124,2310
16125,2311
16126,2312
16127,2313
16128,2314
16129,2315
16130,2316
16131,2317
16132,2318
16133,2319
16134,2320
16135,2321
16136,2322
16137,2323
16138,2324
16139,2325
16140,2326
16141,2327
16142,2328
16143,2329
16144,2330
16145,2331
16146,2332
16147,2333
16148,2334
16149,2335
16150,2336
16151,2337
16152,2338
16153,2339
16154,2340
16155,2341
16156,2342
16157,2343
16158,2344
16159,2345
16160,2346
16161,2347
16162,2348
16163,2349
16164,2350
16165,2351
16166,2352
16167,2353
16168,2354
16169,2355
16170,2356
16171,2357
16172,2358
16173,2359
16174,2360
16175,2361
16176,2362
16177,2363
16178,2364
16179,2365
16180,2366
16181,2367
16182,2368
16183,2369
16184,2370
16185,2371
16186,2372
16187,2373
16188,2374
16189,2375
16190,2376
16191,2377
16192,2378
16193,2379
16194,2380
16195,2381
16196,2382
16197,2383
16198,2384
16199,2385
16200,2386
16201,2387
16202,2388
16203,2389
16204,2390
16205,2391
16206,2392
16207,2393
16208,2394
16209,2395
16210,2396
16211,2397
16212,2398
16213,2399
16214,2400
16215,2401
16216,2402
16217,2403
16218,2404
16219,2405
16220,2406
16221,2407
16222,2408
16223,2409
16224,2410
16225,2411
16226,2412
16227,2413
16228,2414
16229,2415
16230,2416
16231,2417
16232,2418
16233,2419
16234,2420
16235,2421
16236,2422
16237,2423
16238,2424
16239,2425
16240,2426
16241,2427
16242,2428
16243,2429
16244,2430
16245,2431
16246,2432
16247,2433
16248,2434
16249,2435
16250,2436
16251,2437
16252,2438
16253,2439
16254,2440
16255,2441
16256,2442
16257,2443
16258,2444
16259,2445
16260,2446
16261,2447
16262,2448
16263,2449
16264,2450
16265,2451
16266,2452
16267,2453
16268,2454
16269,2455
16270,2456
16271,2457
16272,2458
16273,2459
16274,2460
16275,2461
16276,2462
16277,2463
16278,2464
16279,2465
16280,2466
16281,2467
16282,2468
16283,2469
16284,2470
16285,2471
16286,2472
16287,2473
16288,2474
16289,2475
16290,2476
16291,2477
16292,2478
16293,2479
16294,2480
16295,2481
16296,2482
16297,2483
16298,2484
16299,2485
16300,2486
16301,2487
16302,2488
16303,2489
16304,2490
16305,2491
16306,2492
16307,2493
16308,2494
16309,2495
16310,2496
16311,2497
16312,2498
16313,2499
16314,2500
16315,2501
16316,2502
16317,2503
16318,2504
16319,2505
16320,2506
16321,2507
16322,2508
16323,2509
16324,2510
16325,2511
16326,2512
16327,2513
16328,2514
16329,2515
16330,2516
16331,2517
16332,2518
16333,2519
16334,2520
16335,2521
16336,2522
16337,2523
16338,2524
16339,2525
16340,2526
16341,2527
16342,2528
16343,2529
16344,2530
16345,2531
16346,2532
16347,2533
16348,2534
16349,2535
16350,2536
16351,2537
16352,2538
16353,2539
16354,2540
16355,2541
16356,2542
16357,2543
16358,2544
16359,2545
16360,2546
16361,2547
16362,2548
16363,2549
16364,2550
16365,2551
16366,2552
16367,2553
16368,2554
16369,2555
16370,2556
16371,2557
16372,2558
16373,2559
16374,2560
16375,2561
16376,2562
16377,2563
16378,2564
16379,2565
16380,2566
16381,2567
16382,2568
16383,2569
16384,2570
16385,2571
16386,2572
16387,2573
16388,2574
16389,2575
16390,2576
16391,2577
16392,2578
16393,2579
16394,2580
16395,2581
16396,2582
16397,2583
16398,2584
16399,2585
16400,2586
16401,2587
16402,2588
16403,2589
16404,2590
16405,2591
16406,2592
16407,2593
16408,2594
16409,2595
16410,2596
16411,2597
16412,2598
16413,2599
16414,2600
16415,2601
16416,2602
16417,2603
16418,2604
16419,2605
16420,2606
16421,2607
16422,2608
16423,2609
16424,2610
16425,2611
16426,2612
16427,2613
16428,2614
16429,2615
16430,2616
16431,2617
16432,2618
16433,2619
16434,2620
16435,2621
16436,2622
16437,2623
16438,2624
16439,2625
16440,2626
16441,2627
16442,2628
16443,2629
16444,2630
16445,2631
16446,2632
16447,2633
16448,2634
16449,2635
16450,2636
16451,2637
16452,2638
16453,2639
16454,2640
16455,2641
16456,2642
16457,2643
16458,2644
16459,2645
16460,2646
16461,2647
16462,2648
16463,2649
16464,2650
16465,2651
16466,2652
16467,2653
16468,2654
16469,2655
16470,2656
16471,2657
16472,2658
16473,2659
16474,2660
16475,2661
16476,2662
16477,2663
16478,2664
16479,2665
16480,2666
16481,2667
16482,2668
16483,2669
16484,2670
16485,2671
16486,2672
16487,2673
16488,2674
16489,2675
16490,2676
16491,2677
16492,2678
16493,2679
16494,2680
16495,2681
16496,2682
16497,2683
16498,2684
16499,2685
16500,2686
16501,2687
16502,2688
16503,2689
16504,2690
16505,2691
16506,2692
16507,2693
16508,2694
16509,2695
16510,2696
16511,2697
16512,2698
16513,2699
16514,2700
16515,2701
16516,2702
16517,2703
16518,2704
16519,2705
16520,2706
16521,2707
16522,2708
16523,2709
16524,2710
16525,2711
16526,2712
16527,2713
16528,2714
16529,2715
16530,2716
16531,2717
16532,2718
16533,2719
16534,2720
16535,2721
16536,2722
16537,2723
16538,2724
16539,2725
16540,2726
16541,2727
16542,2728
16543,2729
16544,2730
16545,2731
16546,2732
16547,2733
16548,2734
16549,2735
16550,2736
16551,2737
16552,2738
16553,2739
16554,2740
16555,2741
16556,2742
16557,2743
16558,2744
16559,2745
16560,2746
16561,2747
16562,2748
16563,2749
16564,2750
16565,2751
16566,2752
16567,2753
16568,2754
16569,2755
16570,2756
16571,2757
16572,2758
16573,2759
16574,2760
16575,2761
16576,2762
16577,2763
16578,2764
16579,2765
16580,2766
16581,2767
16582,2768
16583,2769
16584,2770
16585,2771
16586,2772
16587,2773
16588,2774
16589,2775
16590,2776
16591,2777
16592,2778
16593,2779
16594,2780
16595,2781
16596,2782
16597,2783
16598,2784
16599,2785
16600,2786
16601,2787
16602,2788
16603,2789
16604,2790
16605,2791
16606,2792
16607,2793
16608,2794
16609,2795
16610,2796
16611,2797
16612,2798
16613,2799
16614,2800
16615,2801
16616,2802
16617,2803
16618,2804
16619,2805
16620,2806
16621,2807
16622,2808
16623,2809
16624,2810
16625,2811
16626,2812
16627,2813
16628,2814
16629,2815
16630,2816
16631,2817
16632,2818
16633,2819
16634,2820
16635,2821
16636,2822
16637,2823
16638,2824
16639,2825
16640,2826
16641,2827
16642,2828
16643,2829
16644,2830
16645,2831
16646,2832
16647,2833
16648,2834
16649,2835
16650,2836
16651,2837
16652,2838
16653,2839
16654,2840
16655,2841
16656,2842
16657,2843
16658,2844
16659,2845
16660,2846
16661,2847
16662,2848
16663,2849
16664,2850
16665,2851
16666,2852
16667,2853
16668,2854
16669,2855
16670,2856
16671,2857
16672,2858
16673,2859
16674,2860
16675,2861
16676,2862
16677,2863
16678,2864
16679,2865
16680,2866
16681,2867
16682,2868
16683,2869
16684,2870
16685,2871
16686,2872
16687,2873
16688,2874
16689,2875
16690,2876
16691,2877
16692,2878
16693,2879
16694,2880
16695,2881
16696,2882
16697,2883
16698,2884
16699,2885
16700,2886
16701,2887
16702,2888
16703,2889
16704,2890
16705,2891
16706,2892
16707,2893
16708,2894
16709,2895
16710,2896
16711,2897
16712,2898
16713,2899
16714,2900
16715,2901
16716,2902
16717,2903
16718,2904
16719,2905
16720,2906
16721,2907
16722,2908
16723,2909
16724,2910
16725,2911
16726,2912
16727,2913
16728,2914
16729,2915
16730,2916
16731,2917
16732,2918
16733,2919
16734,2920
16735,2921
16736,2922
16737,2923
16738,2924
16739,2925
16740,2926
16741,2927
16742,2928
16743,2929
16744,2930
16745,2931
16746,2932
16747,2933
16748,2934
16749,2935
16750,2936
16751,2937
16752,2938
16753,2939
16754,2940
16755,2941
16756,2942
16757,2943
16758,2944
16759,2945
16760,2946
16761,2947
16762,2948
16763,2949
16764,2950
16765,2951
16766,2952
16767,2953
16768,2954
16769,2955
16770,2956
16771,2957
16772,2958
16773,2959
16774,2960
16775,2961
16776,2962
16777,2963
16778,2964
16779,2965
16780,2966
16781,2967
16782,2968
16783,2969
16784,2970
16785,2971
16786,2972
16787,2973
16788,2974
16789,2975
16790,2976
16791,2977
16792,2978
16793,2979
16794,2980
16795,2981
16796,2982
16797,2983
16798,2984
16799,2985
16800,2986
16801,2987
16802,2988
16803,2989
16804,2990
16805,2991
16806,2992
16807,2993
16808,2994
16809,2995
16810,2996
16811,2997
16812,2998
16813,2999
16814,3000
16815,3001
16816,3002
16817,3003
16818,3004
16819,3005
16820,3006
16821,3007
16822,3008
16823,3009
16824,3010
16825,3011
16826,3012
16827,3013
16828,3014
16829,3015
16830,3016
16831,3017
16832,3018
16833,3019
16834,3020
16835,3021
16836,3022
16837,3023
16838,3024
16839,3025
16840,3026
16841,3027
16842,3028
16843,3029
16844,3030
16845,3031
16846,3032
16847,3033
16848,3034
16849,3035
16850,3036
16851,3037
16852,3038
16853,3039
16854,3040
16855,3041
16856,3042
16857,3043
16858,3044
16859,3045
16860,3046
16861,3047
16862,3048
16863,3049
16864,3050
16865,3051
16866,3052
16867,3053
16868,3054
16869,3055
16870,3056
16871,3057
16872,3058
16873,3059
16874,3060
16875,3061
16876,3062
16877,3063
16878,3064
16879,3065
16880,3066
16881,3067
16882,3068
16883,3069
16884,3070
16885,3071
16886,3072
16887,3073
16888,3074
16889,3075
16890,3076
16891,3077
16892,3078
16893,3079
16894,3080
16895,3081
16896,3082
16897,3083
16898,3084
16899,3085
16900,3086
16901,3087
16902,3088
16903,3089
16904,3090
16905,3091
16906,3092
16907,3093
16908,3094
16909,3095
16910,3096
16911,3097
16912,3098
16913,3099
16914,3100
16915,3101
16916,3102
16917,3103
16918,3104
16919,3105
16920,3106
16921,3107
16922,3108
16923,3109
16924,3110
16925,3111
16926,3112
16927,3113
16928,3114
16929,3115
16930,3116
16931,3117
16932,3118
16933,3119
16934,3120
16935,3121
16936,3122
16937,3123
16938,3124
16939,3125
16940,3126
16941,3127
16942,3128
16943,3129
16944,3130
16945,3131
16946,3132
16947,3133
16948,3134
16949,3135
16950,3136
16951,3137
16952,3138
16953,3139
16954,3140
16955,3141
16956,3142
16957,3143
16958,3144
16959,3145
16960,3146
16961,3147
16962,3148
16963,3149
16964,3150
16965,3151
16966,3152
16967,3153
16968,3154
16969,3155
16970,3156
16971,3157
16972,3158
16973,3159
16974,3160
16975,3161
16976,3162
16977,3163
16978,3164
16979,3165
16980,3166
16981,3167
16982,3168
16983,3169
16984,3170
16985,3171
16986,3172
16987,3173
16988,3174
16989,3175
16990,3176
16991,3177
16992,3178
16993,3179
16994,3180
16995,3181
16996,3182
16997,3183
16998,3184
16999,3185
17000,3186
17001,3187
17002,3188
17003,3189
17004,3190
17005,3191
17006,3192
17007,3193
17008,3194
17009,3195
17010,3196
17011,3197
17012,3198
17013,3199
17014,3200
17015,3201
17016,3202
17017,3203
17018,3204
17019,3205
17020,3206
17021,3207
17022,3208
17023,3209
17024,3210
17025,3211
17026,3212
17027,3213
17028,3214
17029,3215
17030,3216
17031,3217
17032,3218
17033,3219
17034,3220
17035,3221
17036,3222
17037,3223
17038,3224
17039,3225
17040,3226
17041,3227
17042,3228
17043,3229
17044,3230
17045,3231
17046,3232
17047,3233
17048,3234
17049,3235
17050,3236
17051,3237
17052,3238
17053,3239
17054,3240
17055,3241
17056,3242
17057,3243
17058,3244
17059,3245
17060,3246
17061,3247
17062,3248
17063,3249
17064,3250
17065,3251
17066,3252
17067,3253
17068,3254
17069,3255
17070,3256
17071,3257
17072,3258
17073,3259
17074,3260
17075,3261
17076,3262
17077,3263
17078,3264
17079,3265
17080,3266
17081,3267
17082,3268
17083,3269
17084,3270
17085,3271
17086,3272
17087,3273
17088,3274
17089,3275
17090,3276
17091,3277
17092,3278
17093,3279
17094,3280
17095,3281
17096,3282
17097,3283
17098,3284
17099,3285
17100,3286
17101,3287
17102,3288
17103,3289
17104,3290
17105,3291
17106,3292
17107,3293
17108,3294
17109,3295
17110,3296
17111,3297
17112,3298
17113,3299
17114,3300
17115,3301
17116,3302
17117,3303
17118,3304
17119,3305
17120,3306
17121,3307
17122,3308
17123,3309
17124,3310
17125,3311
17126,3312
17127,3313
17128,3314
17129,3315
17130,3316
17131,3317
17132,3318
17133,3319
17134,3320
17135,3321
17136,3322
17137,3323
17138,3324
17139,3325
17140,3326
17141,3327
17142,3328
17143,3329
17144,3330
17145,3331
17146,3332
17147,3333
17148,3334
17149,3335
17150,3336
17151,3337
17152,3338
17153,3339
17154,3340
17155,3341
17156,3342
17157,3343
17158,3344
17159,3345
17160,3346
17161,3347
17162,3348
17163,3349
17164,3350
17165,3351
17166,3352
17167,3353
17168,3354
17169,3355
17170,3356
17171,3357
17172,3358
17173,3359
17174,3360
17175,3361
17176,3362
17177,3363
17178,3364
17179,3365
17180,3366
17181,3367
17182,3368
17183,3369
17184,3370
17185,3371
17186,3372
17187,3373
17188,3374
17189,3375
17190,3376
17191,3377
17192,3378
17193,3379
17194,3380
17195,3381
17196,3382
17197,3383
17198,3384
17199,3385
17200,3386
17201,3387
17202,3388
17203,3389
17204,3390
17205,3391
17206,3392
17207,3393
17208,3394
17209,3395
17210,3396
17211,3397
17212,3398
17213,3399
17214,3400
17215,3401
17216,3402
17217,3403
17218,3404
17219,3405
17220,3406
17221,3407
17222,3408
17223,3409
17224,3410
17225,3411
17226,3412
17227,3413
17228,3414
17229,3415
17230,3416
17231,3417
17232,3418
17233,3419
17234,3420
17235,3421
17236,3422
17237,3423
17238,3424
17239,3425
17240,3426
17241,3427
17242,3428
17243,3429
17244,3430
17245,3431
17246,3432
17247,3433
17248,3434
17249,3435
17250,3436
17251,3437
17252,3438
17253,3439
17254,3440
17255,3441
17256,3442
17257,3443
17258,3444
17259,3445
17260,3446
17261,3447
17262,3448
17263,3449
17264,3450
17265,3451
17266,3452
17267,3453
17268,3454
17269,3455
17270,3456
17271,3457
17272,3458
17273,3459
17274,3460
17275,3461
17276,3462
17277,3463
17278,3464
17279,3465
17280,3466
17281,3467
17282,3468
17283,3469
17284,3470
17285,3471
17286,3472
17287,3473
17288,3474
17289,3475
17290,3476
17291,3477
17292,3478
17293,3479
17294,3480
17295,3481
17296,3482
17297,3483
17298,3484
17299,3485
17300,3486
17301,3487
17302,3488
17303,3489
17304,3490
17305,3491
17306,3492
17307,3493
17308,3494
17309,3495
17310,3496
17311,3497
17312,3498
17313,3499
17314,3500
17315,3501
17316,3502
17317,3503
17318,3504
17319,3505
17320,3506
17321,3507
17322,3508
17323,3509
17324,3510
17325,3511
17326,3512
17327,3513
17328,3514
17329,3515
17330,3516
17331,3517
17332,3518
17333,3519
17334,3520
17335,3521
17336,3522
17337,3523
17338,3524
17339,3525
17340,3526
17341,3527
17342,3528
17343,3529
17344,3530
17345,3531
17346,3532
17347,3533
17348,3534
17349,3535
17350,3536
17351,3537
17352,3538
17353,3539
17354,3540
17355,3541
17356,3542
17357,3543
17358,3544
17359,3545
17360,3546
17361,3547
17362,3548
17363,3549
17364,3550
17365,3551
17366,3552
17367,3553
17368,3554
17369,3555
17370,3556
17371,3557
17372,3558
17373,3559
17374,3560
17375,3561
17376,3562
17377,3563
17378,3564
17379,3565
17380,3566
17381,3567
17382,3568
17383,3569
17384,3570
17385,3571
17386,3572
17387,3573
17388,3574
17389,3575
17390,3576
17391,3577
17392,3578
17393,3579
17394,3580
17395,3581
17396,3582
17397,3583
17398,3584
17399,3585
17400,3586
17401,3587
17402,3588
17403,3589
17404,3590
17405,3591
17406,3592
17407,3593
17408,3594
17409,3595
17410,3596
17411,3597
17412,3598
17413,3599
17414,3600
17415,3601
17416,3602
17417,3603
17418,3604
17419,3605
17420,3606
17421,3607
17422,3608
17423,3609
17424,3610
17425,3611
17426,3612
17427,3613
17428,3614
17429,3615
17430,3616
17431,3617
17432,3618
17433,3619
17434,3620
17435,3621
17436,3622
17437,3623
17438,3624
17439,3625
17440,3626
17441,3627
17442,3628
17443,3629
17444,3630
17445,3631
17446,3632
17447,3633
17448,3634
17449,3635
17450,3636
17451,3637
17452,3638
17453,3639
17454,3640
17455,3641
17456,3642
17457,3643
17458,3644
17459,3645
17460,3646
17461,3647
17462,3648
17463,3649
17464,3650
17465,3651
17466,3652
17467,3653
17468,3654
17469,3655
17470,3656
17471,3657
17472,3658
17473,3659
17474,3660
17475,3661
17476,3662
17477,3663
17478,3664
17479,3665
17480,3666
17481,3667
17482,3668
17483,3669
17484,3670
17485,3671
17486,3672
17487,3673
17488,3674
17489,3675
17490,3676
17491,3677
17492,3678
17493,3679
17494,3680
17495,3681
17496,3682
17497,3683
17498,3684
17499,3685
17500,3686
17501,3687
17502,3688
17503,3689
17504,3690
17505,3691
17506,3692
17507,3693
17508,3694
17509,3695
17510,3696
17511,3697
17512,3698
17513,3699
17514,3700
17515,3701
17516,3702
17517,3703
17518,3704
17519,3705
17520,3706
17521,3707
17522,3708
17523,3709
17524,3710
17525,3711
17526,3712
17527,3713
17528,3714
17529,3715
17530,3716
17531,3717
17532,3718
17533,3719
17534,3720
17535,3721
17536,3722
17537,3723
17538,3724
17539,3725
17540,3726
17541,3727
17542,3728
17543,3729
17544,3730
17545,3731
17546,3732
17547,3733
17548,3734
17549,3735
17550,3736
17551,3737
17552,3738
17553,3739
17554,3740
17555,3741
17556,3742
17557,3743
17558,3744
17559,3745
17560,3746
17561,3747
17562,3748
17563,3749
17564,3750
17565,3751
17566,3752
17567,3753
17568,3754
17569,3755
17570,3756
17571,3757
17572,3758
17573,3759
17574,3760
17575,3761
17576,3762
17577,3763
17578,3764
17579,3765
17580,3766
17581,3767
17582,3768
17583,3769
17584,3770
17585,3771
17586,3772
17587,3773
17588,3774
17589,3775
17590,3776
17591,3777
17592,3778
17593,3779
17594,3780
17595,3781
17596,3782
17597,3783
17598,3784
17599,3785
17600,3786
17601,3787
17602,3788
17603,3789
17604,3790
17605,3791
17606,3792
17607,3793
17608,3794
17609,3795
17610,3796
17611,3797
17612,3798
17613,3799
17614,3800
17615,3801
17616,3802
17617,3803
17618,3804
17619,3805
17620,3806
17621,3807
17622,3808
17623,3809
17624,3810
17625,3811
17626,3812
17627,3813
17628,3814
17629,3815
17630,3816
17631,3817
17632,3818
17633,3819
17634,3820
17635,3821
17636,3822
17637,3823
17638,3824
17639,3825
17640,3826
17641,3827
17642,3828
17643,3829
17644,3830
17645,3831
17646,3832
17647,3833
17648,3834
17649,3835
17650,3836
17651,3837
17652,3838
17653,3839
17654,3840
17655,3841
17656,3842
17657,3843
17658,3844
17659,3845
17660,3846
17661,3847
17662,3848
17663,3849
17664,3850
17665,3851
17666,3852
17667,3853
17668,3854
17669,3855
17670,3856
17671,3857
17672,3858
17673,3859
17674,3860
17675,3861
17676,3862
17677,3863
17678,3864
17679,3865
17680,3866
17681,3867
17682,3868
17683,3869
17684,3870
17685,3871
17686,3872
17687,3873
17688,3874
17689,3875
17690,3876
17691,3877
17692,3878
17693,3879
17694,3880
17695,3881
17696,3882
17697,3883
17698,3884
17699,3885
17700,3886
17701,3887
17702,3888
17703,3889
17704,3890
17705,3891
17706,3892
17707,3893
17708,3894
17709,3895
17710,3896
17711,3897
17712,3898
17713,3899
17714,3900
17715,3901
17716,3902
17717,3903
17718,3904
17719,3905
17720,3906
17721,3907
17722,3908
17723,3909
17724,3910
17725,3911
17726,3912
17727,3913
17728,3914
17729,3915
17730,3916
17731,3917
17732,3918
17733,3919
17734,3920
17735,3921
17736,3922
17737,3923
17738,3924
17739,3925
17740,3926
17741,3927
17742,3928
17743,3929
17744,3930
17745,3931
17746,3932
17747,3933
17748,3934
17749,3935
17750,3936
17751,3937
17752,3938
17753,3939
17754,3940
17755,3941
17756,3942
17757,3943
17758,3944
17759,3945
17760,3946
17761,3947
17762,3948
17763,3949
17764,3950
17765,3951
17766,3952
17767,3953
17768,3954
17769,3955
17770,3956
17771,3957
17772,3958
17773,3959
17774,3960
17775,3961
17776,3962
17777,3963
17778,3964
17779,3965
17780,3966
17781,3967
17782,3968
17783,3969
17784,3970
17785,3971
17786,3972
17787,3973
17788,3974
17789,3975
17790,3976
17791,3977
17792,3978
17793,3979
17794,3980
17795,3981
17796,3982
17797,3983
17798,3984
17799,3985
17800,3986
17801,3987
17802,3988
17803,3989
17804,3990
17805,3991
17806,3992
17807,3993
17808,3994
17809,3995
17810,3996
17811,3997
17812,3998
17813,3999
17814,4000
17815,4001
17816,4002
17817,4003
17818,4004
17819,4005
17820,4006
17821,4007
17822,4008
17823,4009
17824,4010
17825,4011
17826,4012
17827,4013
17828,4014
17829,4015
17830,4016
17831,4017
17832,4018
17833,4019
17834,4020
17835,4021
17836,4022
17837,4023
17838,4024
17839,4025
17840,4026
17841,4027
17842,4028
17843,4029
17844,4030
17845,4031
17846,4032
17847,4033
17848,4034
17849,4035
17850,4036
17851,4037
17852,4038
17853,4039
17854,4040
17855,4041
17856,4042
17857,4043
17858,4044
17859,4045
17860,4046
17861,4047
17862,4048
17863,4049
17864,4050
17865,4051
17866,4052
17867,4053
17868,4054
17869,4055
17870,4056
17871,4057
17872,4058
17873,4059
17874,4060
17875,4061
17876,4062
17877,4063
17878,4064
17879,4065
17880,4066
17881,4067
17882,4068
17883,4069
17884,4070
17885,4071
17886,4072
17887,4073
17888,4074
17889,4075
17890,4076
17891,4077
17892,4078
17893,4079
17894,4080
17895,4081
17896,4082
17897,4083
17898,4084
17899,4085
17900,4086
17901,4087
17902,4088
17903,4089
17904,4090
17905,4091
17906,4092
17907,4093
17908,4094
17909,4095
17910,4096
17911,4097
17912,4098
17913,4099
17914,4100
17915,4101
17916,4102
17917,4103
17918,4104
17919,4105
17920,4106
17921,4107
17922,4108
17923,4109
17924,4110
17925,4111
17926,4112
17927,4113
17928,4114
17929,4115
17930,4116
17931,4117
17932,4118
17933,4119
17934,4120
17935,4121
17936,4122
17937,4123
17938,4124
17939,4125
17940,4126
17941,4127
17942,4128
17943,4129
17944,4130
17945,4131
17946,4132
17947,4133
17948,4134
17949,4135
17950,4136
17951,4137
17952,4138
17953,4139
17954,4140
17955,4141
17956,4142
17957,4143
17958,4144
17959,4145
17960,4146
17961,4147
17962,4148
17963,4149
17964,4150
17965,4151
17966,4152
17967,4153
17968,4154
17969,4155
17970,4156
17971,4157
17972,4158
17973,4159
17974,4160
17975,4161
17976,4162
17977,4163
17978,4164
17979,4165
17980,4166
17981,4167
17982,4168
17983,4169
17984,4170
17985,4171
17986,4172
17987,4173
17988,4174
17989,4175
17990,4176
17991,4177
17992,4178
17993,4179
17994,4180
17995,4181
17996,4182
17997,4183
17998,4184
17999,4185
18000,4186
18001,4187
18002,4188
18003,4189
18004,4190
18005,4191
18006,4192
18007,4193
18008,4194
18009,4195
18010,4196
18011,4197
18012,4198
18013,4199
18014,4200
18015,4201
18016,4202
18017,4203
18018,4204
18019,4205
18020,4206
18021,4207
18022,4208
18023,4209
18024,4210
18025,4211
18026,4212
18027,4213
18028,4214
18029,4215
18030,4216
18031,4217
18032,4218
18033,4219
18034,4220
18035,4221
18036,4222
18037,4223
18038,4224
18039,4225
18040,4226
18041,4227
18042,4228
18043,4229
18044,4230
18045,4231
18046,4232
18047,4233
18048,4234
18049,4235
18050,4236
18051,4237
18052,4238
18053,4239
18054,4240
18055,4241
18056,4242
18057,4243
18058,4244
18059,4245
18060,4246
18061,4247
18062,4248
18063,4249
18064,4250
18065,4251
18066,4252
18067,4253
18068,4254
18069,4255
18070,4256
18071,4257
18072,4258
18073,4259
18074,4260
18075,4261
18076,4262
18077,4263
18078,4264
18079,4265
18080,4266
18081,4267
18082,4268
18083,4269
18084,4270
18085,4271
18086,4272
18087,4273
18088,4274
18089,4275
18090,4276
18091,4277
18092,4278
18093,4279
18094,4280
18095,4281
18096,4282
18097,4283
18098,4284
18099,4285
18100,4286
18101,4287
18102,4288
18103,4289
18104,4290
18105,4291
18106,4292
18107,4293
18108,4294
18109,4295
18110,4296
18111,4297
18112,4298
18113,4299
18114,4300
18115,4301
18116,4302
18117,4303
18118,4304
18119,4305
18120,4306
18121,4307
18122,4308
18123,4309
18124,4310
18125,4311
18126,4312
18127,4313
18128,4314
18129,4315
18130,4316
18131,4317
18132,4318
18133,4319
18134,4320
18135,4321
18136,4322
18137,4323
18138,4324
18139,4325
18140,4326
18141,4327
18142,4328
18143,4329
18144,4330
18145,4331
18146,4332
18147,4333
18148,4334
18149,4335
18150,4336
18151,4337
18152,4338
18153,4339
18154,4340
18155,4341
18156,4342
18157,4343
18158,4344
18159,4345
18160,4346
18161,4347
18162,4348
18163,4349
18164,4350
18165,4351
18166,4352
18167,4353
18168,4354
18169,4355
18170,4356
18171,4357
18172,4358
18173,4359
18174,4360
18175,4361
18176,4362
18177,4363
18178,4364
18179,4365
18180,4366
18181,4367
18182,4368
18183,4369
18184,4370
18185,4371
18186,4372
18187,4373
18188,4374
18189,4375
18190,4376
18191,4377
18192,4378
18193,4379
18194,4380
18195,4381
18196,4382
18197,4383
18198,4384
18199,4385
18200,4386
18201,4387
18202,4388
18203,4389
18204,4390
18205,4391
18206,4392
18207,4393
18208,4394
18209,4395
18210,4396
18211,4397
18212,4398
18213,4399
18214,4400
18215,4401
18216,4402
18217,4403
18218,4404
18219,4405
18220,4406
18221,4407
18222,4408
18223,4409
18224,4410
18225,4411
18226,4412
18227,4413
18228,4414
18229,4415
18230,4416
18231,4417
18232,4418
18233,4419
18234,4420
18235,4421
18236,4422
18237,4423
18238,4424
18239,4425
18240,4426
18241,4427
18242,4428
18243,4429
18244,4430
18245,4431
18246,4432
18247,4433
18248,4434
18249,4435
18250,4436
18251,4437
18252,4438
18253,4439
18254,4440
18255,4441
18256,4442
18257,4443
18258,4444
18259,4445
18260,4446
18261,4447
18262,4448
18263,4449
18264,4450
18265,4451
18266,4452
18267,4453
18268,4454
18269,4455
18270,4456
18271,4457
18272,4458
18273,4459
18274,4460
18275,4461
18276,4462
18277,4463
18278,4464
18279,4465
18280,4466
18281,4467
18282,4468
18283,4469
18284,4470
18285,4471
18286,4472
18287,4473
18288,4474
18289,4475
18290,4476
18291,4477
18292,4478
18293,4479
18294,4480
18295,4481
18296,4482
18297,4483
18298,4484
18299,4485
18300,4486
18301,4487
18302,4488
18303,4489
18304,4490
18305,4491
18306,4492
18307,4493
18308,4494
18309,4495
18310,4496
18311,4497
18312,4498
18313,4499
18314,4500
18315,4501
18316,4502
18317,4503
18318,4504
18319,4505
18320,4506
18321,4507
18322,4508
18323,4509
18324,4510
18325,4511
18326,4512
18327,4513
18328,4514
18329,4515
18330,4516
18331,4517
18332,4518
18333,4519
18334,4520
18335,4521
18336,4522
18337,4523
18338,4524
18339,4525
18340,4526
18341,4527
18342,4528
18343,4529
18344,4530
18345,4531
18346,4532
18347,4533
18348,4534
18349,4535
18350,4536
18351,4537
18352,4538
18353,4539
18354,4540
18355,4541
18356,4542
18357,4543
18358,4544
18359,4545
18360,4546
18361,4547
18362,4548
18363,4549
18364,4550
18365,4551
18366,4552
18367,4553
18368,4554
18369,4555
18370,4556
18371,4557
18372,4558
18373,4559
18374,4560
18375,4561
18376,4562
18377,4563
18378,4564
18379,4565
18380,4566
18381,4567
18382,4568
18383,4569
18384,4570
18385,4571
18386,4572
18387,4573
18388,4574
18389,4575
18390,4576
18391,4577
18392,4578
18393,4579
18394,4580
18395,4581
18396,4582
18397,4583
18398,4584
18399,4585
18400,4586
18401,4587
18402,4588
18403,4589
18404,4590
18405,4591
18406,4592
18407,4593
18408,4594
18409,4595
18410,4596
18411,4597
18412,4598
18413,4599
18414,4600
18415,4601
18416,4602
18417,4603
18418,4604
18419,4605
18420,4606
18421,4607
18422,4608
18423,4609
18424,4610
18425,4611
18426,4612
18427,4613
18428,4614
18429,4615
18430,4616
18431,4617
18432,4618
18433,4619
18434,4620
18435,4621
18436,4622
18437,4623
18438,4624
18439,4625
18440,4626
18441,4627
18442,4628
18443,4629
18444,4630
18445,4631
18446,4632
18447,4633
18448,4634
18449,4635
18450,4636
18451,4637
18452,4638
18453,4639
18454,4640
18455,4641
18456,4642
18457,4643
18458,4644
18459,4645
18460,4646
18461,4647
18462,4648
18463,4649
18464,4650
18465,4651
18466,4652
18467,4653
18468,4654
18469,4655
18470,4656
18471,4657
18472,4658
18473,4659
18474,4660
18475,4661
18476,4662
18477,4663
18478,4664
18479,4665
18480,4666
18481,4667
18482,4668
18483,4669
18484,4670
18485,4671
18486,4672
18487,4673
18488,4674
18489,4675
18490,4676
18491,4677
18492,4678
18493,4679
18494,4680
18495,4681
18496,4682
18497,4683
18498,4684
18499,4685
18500,4686
18501,4687
18502,4688
18503,4689
18504,4690
18505,4691
18506,4692
18507,4693
18508,4694
18509,4695
18510,4696
18511,4697
18512,4698
18513,4699
18514,4700
18515,4701
18516,4702
18517,4703
18518,4704
18519,4705
18520,4706
18521,4707
18522,4708
18523,4709
18524,4710
18525,4711
18526,4712
18527,4713
18528,4714
18529,4715
18530,4716
18531,4717
18532,4718
18533,4719
18534,4720
18535,4721
18536,4722
18537,4723
18538,4724
18539,4725
18540,4726
18541,4727
18542,4728
18543,4729
18544,4730
18545,4731
18546,4732
18547,4733
18548,4734
18549,4735
18550,4736
18551,4737
18552,4738
18553,4739
18554,4740
18555,4741
18556,4742
18557,4743
18558,4744
18559,4745
18560,4746
18561,4747
18562,4748
18563,4749
18564,4750
18565,4751
18566,4752
18567,4753
18568,4754
18569,4755
18570,4756
18571,4757
18572,4758
18573,4759
18574,4760
18575,4761
18576,4762
18577,4763
18578,4764
18579,4765
18580,4766
18581,4767
18582,4768
18583,4769
18584,4770
18585,4771
18586,4772
18587,4773
18588,4774
18589,4775
18590,4776
18591,4777
18592,4778
18593,4779
18594,4780
18595,4781
18596,4782
18597,4783
18598,4784
18599,4785
18600,4786
18601,4787
18602,4788
18603,4789
18604,4790
18605,4791
18606,4792
18607,4793
18608,4794
18609,4795
18610,4796
18611,4797
18612,4798
18613,4799
18614,4800
18615,4801
18616,4802
18617,4803
18618,4804
18619,4805
18620,4806
18621,4807
18622,4808
18623,4809
18624,4810
18625,4811
18626,4812
18627,4813
18628,4814
18629,4815
18630,4816
18631,4817
18632,4818
18633,4819
18634,4820
18635,4821
18636,4822
18637,4823
18638,4824
18639,4825
18640,4826
18641,4827
18642,4828
18643,4829
18644,4830
18645,4831
18646,4832
18647,4833
18648,4834
18649,4835
18650,4836
18651,4837
18652,4838
18653,4839
18654,4840
18655,4841
18656,4842
18657,4843
18658,4844
18659,4845
18660,4846
18661,4847
18662,4848
18663,4849
18664,4850
18665,4851
18666,4852
18667,4853
18668,4854
18669,4855
18670,4856
18671,4857
18672,4858
18673,4859
18674,4860
18675,4861
18676,4862
18677,4863
18678,4864
18679,4865
18680,4866
18681,4867
18682,4868
18683,4869
18684,4870
18685,4871
18686,4872
18687,4873
18688,4874
18689,4875
18690,4876
18691,4877
18692,4878
18693,4879
18694,4880
18695,4881
18696,4882
18697,4883
18698,4884
18699,4885
18700,4886
18701,4887
18702,4888
18703,4889
18704,4890
18705,4891
18706,4892
18707,4893
18708,4894
18709,4895
18710,4896
18711,4897
18712,4898
18713,4899
18714,4900
18715,4901
18716,4902
18717,4903
18718,4904
18719,4905
18720,4906
18721,4907
18722,4908
18723,4909
18724,4910
18725,4911
18726,4912
18727,4913
18728,4914
18729,4915
18730,4916
18731,4917
18732,4918
18733,4919
18734,4920
18735,4921
18736,4922
18737,4923
18738,4924
18739,4925
18740,4926
18741,4927
18742,4928
18743,4929
18744,4930
18745,4931
18746,4932
18747,4933
18748,4934
18749,4935
18750,4936
18751,4937
18752,4938
18753,4939
18754,4940
18755,4941
18756,4942
18757,4943
18758,4944
18759,4945
18760,4946
18761,4947
18762,4948
18763,4949
18764,4950
18765,4951
18766,4952
18767,4953
18768,4954
18769,4955
18770,4956
18771,4957
18772,4958
18773,4959
18774,4960
18775,4961
18776,4962
18777,4963
18778,4964
18779,4965
18780,4966
18781,4967
18782,4968
18783,4969
18784,4970
18785,4971
18786,4972
18787,4973
18788,4974
18789,4975
18790,4976
18791,4977
18792,4978
18793,4979
18794,4980
18795,4981
18796,4982
18797,4983
18798,4984
18799,4985
18800,4986
18801,4987
18802,4988
18803,4989
18804,4990
18805,4991
18806,4992
18807,4993
18808,4994
18809,4995
18810,4996
18811,4997
18812,4998
18813,4999
18814,5000
18815,5001
18816,5002
18817,5003
18818,5004
18819,5005
18820,5006
18821,5007
18822,5008
18823,5009
18824,5010
18825,5011
18826,5012
18827,5013
18828,5014
18829,5015
18830,5016
18831,5017
18832,5018
18833,5019
18834,5020
18835,5021
18836,5022
18837,5023
18838,5024
18839,5025
18840,5026
18841,5027
18842,5028
18843,5029
18844,5030
18845,5031
18846,5032
18847,5033
18848,5034
18849,5035
18850,5036
18851,5037
18852,5038
18853,5039
18854,5040
18855,5041
18856,5042
18857,5043
18858,5044
18859,5045
18860,5046
18861,5047
18862,5048
18863,5049
18864,5050
18865,5051
18866,5052
18867,5053
18868,5054
18869,5055
18870,5056
18871,5057
18872,5058
18873,5059
18874,5060
18875,5061
18876,5062
18877,5063
18878,5064
18879,5065
18880,5066
18881,5067
18882,5068
18883,5069
18884,5070
18885,5071
18886,5072
18887,5073
18888,5074
18889,5075
18890,5076
18891,5077
18892,5078
18893,5079
18894,5080
18895,5081
18896,5082
18897,5083
18898,5084
18899,5085
18900,5086
18901,5087
18902,5088
18903,5089
18904,5090
18905,5091
18906,5092
18907,5093
18908,5094
18909,5095
18910,5096
18911,5097
18912,5098
18913,5099
18914,5100
18915,5101
18916,5102
18917,5103
18918,5104
18919,5105
18920,5106
18921,5107
18922,5108
18923,5109
18924,5110
18925,5111
18926,5112
18927,5113
18928,5114
18929,5115
18930,5116
18931,5117
18932,5118
18933,5119
18934,5120
18935,5121
18936,5122
18937,5123
18938,5124
18939,5125
18940,5126
18941,5127
18942,5128
18943,5129
18944,5130
18945,5131
18946,5132
18947,5133
18948,5134
18949,5135
18950,5136
18951,5137
18952,5138
18953,5139
18954,5140
18955,5141
18956,5142
18957,5143
18958,5144
18959,5145
18960,5146
18961,5147
18962,5148
18963,5149
18964,5150
18965,5151
18966,5152
18967,5153
18968,5154
18969,5155
18970,5156
18971,5157
18972,5158
18973,5159
18974,5160
18975,5161
18976,5162
18977,5163
18978,5164
18979,5165
18980,5166
18981,5167
18982,5168
18983,5169
18984,5170
18985,5171
18986,5172
18987,5173
18988,5174
18989,5175
18990,5176
18991,5177
18992,5178
18993,5179
18994,5180
18995,5181
18996,5182
18997,5183
18998,5184
18999,5185
19000,5186
19001,5187
19002,5188
19003,5189
19004,5190
19005,5191
19006,5192
19007,5193
19008,5194
19009,5195
19010,5196
19011,5197
19012,5198
19013,5199
19014,5200
19015,5201
19016,5202
19017,5203
19018,5204
19019,5205
19020,5206
19021,5207
19022,5208
19023,5209
19024,5210
19025,5211
19026,5212
19027,5213
19028,5214
19029,5215
19030,5216
19031,5217
19032,5218
19033,5219
19034,5220
19035,5221
19036,5222
19037,5223
19038,5224
19039,5225
19040,5226
19041,5227
19042,5228
19043,5229
19044,5230
19045,5231
19046,5232
19047,5233
19048,5234
19049,5235
19050,5236
19051,5237
19052,5238
19053,5239
19054,5240
19055,5241
19056,5242
19057,5243
19058,5244
19059,5245
19060,5246
19061,5247
19062,5248
19063,5249
19064,5250
19065,5251
19066,5252
19067,5253
19068,5254
19069,5255
19070,5256
19071,5257
19072,5258
19073,5259
19074,5260
19075,5261
19076,5262
19077,5263
19078,5264
19079,5265
19080,5266
19081,5267
19082,5268
19083,5269
19084,5270
19085,5271
19086,5272
19087,5273
19088,5274
19089,5275
19090,5276
19091,5277
19092,5278
19093,5279
19094,5280
19095,5281
19096,5282
19097,5283
19098,5284
19099,5285
19100,5286
19101,5287
19102,5288
19103,5289
19104,5290
19105,5291
19106,5292
19107,5293
19108,5294
19109,5295
19110,5296
19111,5297
19112,5298
19113,5299
19114,5300
19115,5301
19116,5302
19117,5303
19118,5304
19119,5305
19120,5306
19121,5307
19122,5308
19123,5309
19124,5310
19125,5311
19126,5312
19127,5313
19128,5314
19129,5315
19130,5316
19131,5317
19132,5318
19133,5319
19134,5320
19135,5321
19136,5322
19137,5323
19138,5324
19139,5325
19140,5326
19141,5327
19142,5328
19143,5329
19144,5330
19145,5331
19146,5332
19147,5333
19148,5334
19149,5335
19150,5336
19151,5337
19152,5338
19153,5339
19154,5340
19155,5341
19156,5342
19157,5343
19158,5344
19159,5345
19160,5346
19161,5347
19162,5348
19163,5349
19164,5350
19165,5351
19166,5352
19167,5353
19168,5354
19169,5355
19170,5356
19171,5357
19172,5358
19173,5359
19174,5360
19175,5361
19176,5362
19177,5363
19178,5364
19179,5365
19180,5366
19181,5367
19182,5368
19183,5369
19184,5370
19185,5371
19186,5372
19187,5373
19188,5374
19189,5375
19190,5376
19191,5377
19192,5378
19193,5379
19194,5380
19195,5381
19196,5382
19197,5383
19198,5384
19199,5385
19200,5386
19201,5387
19202,5388
19203,5389
19204,5390
19205,5391
19206,5392
19207,5393
19208,5394
19209,5395
19210,5396
19211,5397
19212,5398
19213,5399
19214,5400
19215,5401
19216,5402
19217,5403
19218,5404
19219,5405
19220,5406
19221,5407
19222,5408
19223,5409
19224,5410
19225,5411
19226,5412
19227,5413
19228,5414
19229,5415
19230,5416
19231,5417
19232,5418
19233,5419
19234,5420
19235,5421
19236,5422
19237,5423
19238,5424
19239,5425
19240,5426
19241,5427
19242,5428
19243,5429
19244,5430
19245,5431
19246,5432
19247,5433
19248,5434
19249,5435
19250,5436
19251,5437
19252,5438
19253,5439
19254,5440
19255,5441
19256,5442
19257,5443
19258,5444
19259,5445
19260,5446
19261,5447
19262,5448
19263,5449
19264,5450
19265,5451
19266,5452
19267,5453
19268,5454
19269,5455
19270,5456
19271,5457
19272,5458
19273,5459
19274,5460
19275,5461
19276,5462
19277,5463
19278,5464
19279,5465
19280,5466
19281,5467
19282,5468
19283,5469
19284,5470
19285,5471
19286,5472
19287,5473
19288,5474
19289,5475
19290,5476
19291,5477
19292,5478
19293,5479
19294,5480
19295,5481
19296,5482
19297,5483
19298,5484
19299,5485
19300,5486
19301,5487
19302,5488
19303,5489
19304,5490
19305,5491
19306,5492
19307,5493
19308,5494
19309,5495
19310,5496
19311,5497
19312,5498
19313,5499
19314,5500
19315,5501
19316,5502
19317,5503
19318,5504
19319,5505
19320,5506
19321,5507
19322,5508
19323,5509
19324,5510
19325,5511
19326,5512
19327,5513
19328,5514
19329,5515
19330,5516
19331,5517
19332,5518
19333,5519
19334,5520
19335,5521
19336,5522
19337,5523
19338,5524
19339,5525
19340,5526
19341,5527
19342,5528
19343,5529
19344,5530
19345,5531
19346,5532
19347,5533
19348,5534
19349,5535
19350,5536
19351,5537
19352,5538
19353,5539
19354,5540
19355,5541
19356,5542
19357,5543
19358,5544
19359,5545
19360,5546
19361,5547
19362,5548
19363,5549
19364,5550
19365,5551
19366,5552
19367,5553
19368,5554
19369,5555
19370,5556
19371,5557
19372,5558
19373,5559
19374,5560
19375,5561
19376,5562
19377,5563
19378,5564
19379,5565
19380,5566
19381,5567
19382,5568
19383,5569
19384,5570
19385,5571
19386,5572
19387,5573
19388,5574
19389,5575
19390,5576
19391,5577
19392,5578
19393,5579
19394,5580
19395,5581
19396,5582
19397,5583
19398,5584
19399,5585
19400,5586
19401,5587
19402,5588
19403,5589
19404,5590
19405,5591
19406,5592
19407,5593
19408,5594
19409,5595
19410,5596
19411,5597
19412,5598
19413,5599
19414,5600
19415,5601
19416,5602
19417,5603
19418,5604
19419,5605
19420,5606
19421,5607
19422,5608
19423,5609
19424,5610
19425,5611
19426,5612
19427,5613
19428,5614
19429,5615
19430,5616
19431,5617
19432,5618
19433,5619
19434,5620
19435,5621
19436,5622
19437,5623
19438,5624
19439,5625
19440,5626
19441,5627
19442,5628
19443,5629
19444,5630
19445,5631
19446,5632
19447,5633
19448,5634
19449,5635
19450,5636
19451,5637
19452,5638
19453,5639
19454,5640
19455,5641
19456,5642
19457,5643
19458,5644
19459,5645
19460,5646
19461,5647
19462,5648
19463,5649
19464,5650
19465,5651
19466,5652
19467,5653
19468,5654
19469,5655
19470,5656
19471,5657
19472,5658
19473,5659
19474,5660
19475,5661
19476,5662
19477,5663
19478,5664
19479,5665
19480,5666
19481,5667
19482,5668
19483,5669
19484,5670
19485,5671
19486,5672
19487,5673
19488,5674
19489,5675
19490,5676
19491,5677
19492,5678
19493,5679
19494,5680
19495,5681
19496,5682
19497,5683
19498,5684
19499,5685
19500,5686
19501,5687
19502,5688
19503,5689
19504,5690
19505,5691
19506,5692
19507,5693
19508,5694
19509,5695
19510,5696
19511,5697
19512,5698
19513,5699
19514,5700
19515,5701
19516,5702
19517,5703
19518,5704
19519,5705
19520,5706
19521,5707
19522,5708
19523,5709
19524,5710
19525,5711
19526,5712
19527,5713
19528,5714
19529,5715
19530,5716
19531,5717
19532,5718
19533,5719
19534,5720
19535,5721
19536,5722
19537,5723
19538,5724
19539,5725
19540,5726
19541,5727
19542,5728
19543,5729
19544,5730
19545,5731
19546,5732
19547,5733
19548,5734
19549,5735
19550,5736
19551,5737
19552,5738
19553,5739
19554,5740
19555,5741
19556,5742
19557,5743
19558,5744
19559,5745
19560,5746
19561,5747
19562,5748
19563,5749
19564,5750
19565,5751
19566,5752
19567,5753
19568,5754
19569,5755
19570,5756
19571,5757
19572,5758
19573,5759
19574,5760
19575,5761
19576,5762
19577,5763
19578,5764
19579,5765
19580,5766
19581,5767
19582,5768
19583,5769
19584,5770
19585,5771
19586,5772
19587,5773
19588,5774
19589,5775
19590,5776
19591,5777
19592,5778
19593,5779
19594,5780
19595,5781
19596,5782
19597,5783
19598,5784
19599,5785
19600,5786
19601,5787
19602,5788
19603,5789
19604,5790
19605,5791
19606,5792
19607,5793
19608,5794
19609,5795
19610,5796
19611,5797
19612,5798
19613,5799
19614,5800
19615,5801
19616,5802
19617,5803
19618,5804
19619,5805
19620,5806
19621,5807
19622,5808
19623,5809
19624,5810
19625,5811
19626,5812
19627,5813
19628,5814
19629,5815
19630,5816
19631,5817
19632,5818
19633,5819
19634,5820
19635,5821
19636,5822
19637,5823
19638,5824
19639,5825
19640,5826
19641,5827
19642,5828
19643,5829
19644,5830
19645,5831
19646,5832
19647,5833
19648,5834
19649,5835
19650,5836
19651,5837
19652,5838
19653,5839
19654,5840
19655,5841
19656,5842
19657,5843
19658,5844
19659,5845
19660,5846
19661,5847
19662,5848
19663,5849
19664,5850
19665,5851
19666,5852
19667,5853
19668,5854
19669,5855
19670,5856
19671,5857
19672,5858
19673,5859
19674,5860
19675,5861
19676,5862
19677,5863
19678,5864
19679,5865
19680,5866
19681,5867
19682,5868
19683,5869
19684,5870
19685,5871
19686,5872
19687,5873
19688,5874
19689,5875
19690,5876
19691,5877
19692,5878
19693,5879
19694,5880
19695,5881
19696,5882
19697,5883
19698,5884
19699,5885
19700,5886
19701,5887
19702,5888
19703,5889
19704,5890
19705,5891
19706,5892
19707,5893
19708,5894
19709,5895
19710,5896
19711,5897
19712,5898
19713,5899
19714,5900
19715,5901
19716,5902
19717,5903
19718,5904
19719,5905
19720,5906
19721,5907
19722,5908
19723,5909
19724,5910
19725,5911
19726,5912
19727,5913
19728,5914
19729,5915
19730,5916
19731,5917
19732,5918
19733,5919
19734,5920
19735,5921
